id,name,created_at
1,Bizcommunity,2026-09-30 14:36:20.643399
2,Devyani Nautiyal,2026-09-30 14:36:20.643399
3,IANS,2026-09-30 14:36:20.643399
4,MENAFN,2026-09-30 14:36:20.643399
5,Censor.NET,2026-09-30 14:36:20.662416
6,MarketBeat,2026-09-30 14:36:20.662416
7,Sonia O'Sullivan,2026-09-30 14:36:20.662416
8,Yonhap,2026-09-30 14:36:20.662416
9,"John Tisdell, WHIO.com",2026-09-30 14:36:20.669295
10,Loïc Woos,2026-09-30 14:36:20.669295
11,Nick Givas,2026-09-30 14:36:20.669295
12,Nicolas Baccus,2026-09-30 14:36:20.669295
13,Nino Duit,2026-09-30 14:36:20.669295
14,EP,2026-09-30 14:36:24.900538
15,La-Croix.com,2026-09-30 14:36:24.900538
16,"Major General Jagatbir Singh,Maj Gen VK Singh (Retd)",2026-09-30 14:36:24.900538
17,TOI Entertainment Desk,2026-09-30 14:36:24.900538
18,https://www.wxxinews.org/people/brian-sharp,2026-09-30 14:36:24.900538
19,https://www.ypradio.org/people/steve-inskeep,2026-09-30 14:36:24.900538
20,KBC Digital,2026-09-30 14:36:24.90708
21,RotoWire Staff,2026-09-30 14:36:24.90708
22,Shafaaq News,2026-09-30 14:36:24.90708
23,The Motley Fool,2026-09-30 14:36:24.90708
24,Fariyal Sayyed,2026-09-30 14:36:24.912138
26,Otto Strong,2026-09-30 14:36:24.912138
27,RTTNews,2026-09-30 14:36:24.912138
28,Spear's Partners,2026-09-30 14:36:24.912138
29,ATS Agence télégraphique suisse,2026-09-30 14:36:27.440698
30,Daily Report Staff,2026-09-30 14:36:27.440698
31,David Troy,2026-09-30 14:36:27.440698
32,Fuutura,2026-09-30 14:36:27.440698
33,Grégory Beaud,2026-09-30 14:36:27.440698
34,Ryan Gaydos,2026-09-30 14:36:27.440698
35,Benzinga Insights,2026-09-30 14:36:27.448626
36,Lane Harper,2026-09-30 14:36:27.448626
37,Malcolm Trapp,2026-09-30 14:36:27.448626
38,m nasreddine,2026-09-30 14:36:27.448626
39,Adam Kimelman,2026-09-30 14:36:27.455366
40,Mike Zeisberger,2026-09-30 14:36:27.455366
41,Nick Villano,2026-09-30 14:36:27.455366
42,Oreoluwa Adeyoola,2026-09-30 14:36:27.455366
43,Samad Hoque,2026-09-30 14:36:27.455366
44,A Selvaraj,2026-09-30 14:36:35.166294
45,Aysel Aslan,2026-09-30 14:36:35.166294
46,MOTOR Magazine,2026-09-30 14:36:35.166294
47,Michael Carpenter,2026-09-30 14:36:35.166294
48,صدى البلد,2026-09-30 14:36:35.166294
49,India Today World Desk,2026-09-30 14:36:35.176919
50,John Light,2026-09-30 14:36:35.176919
51,Jean-Sébastien Grond,2026-09-30 14:36:35.1844
52,Louisville Bats,2026-09-30 14:36:35.1844
53,Sentinel Digital Desk,2026-09-30 14:36:35.1844
54,Shefali Fernandes,2026-09-30 14:36:35.1844
55,Esita Mallik,2026-09-30 14:36:38.728363
56,Jack Davis,2026-09-30 14:36:38.728363
57,News Desk,2026-09-30 14:36:38.728363
60,Luis Francisco Orozco,2026-09-30 14:36:38.73484
61,Manoush Zomorodi,2026-09-30 14:36:38.73484
62,Michael Urbanec,2026-09-30 14:36:38.73484
63,Rutendo Masasi,2026-09-30 14:36:38.73484
64,https://www.facebook.com/masrawy,2026-09-30 14:36:38.73484
65,Haylie Ross,2026-09-30 14:36:38.740728
66,Josué  Cassé,2026-09-30 14:36:38.740728
67,Kartik Bhardwaj,2026-09-30 14:36:38.740728
69,TASS,2026-09-30 14:36:38.740728
71,FilGoal,2026-09-30 14:36:49.503992
73,SWI swissinfo.ch,2026-09-30 14:36:49.503992
74,https://www.news5cleveland.com/allan-nosoff,2026-09-30 14:36:49.503992
75,none,2026-09-30 14:36:49.503992
76,محمد عبد العظيم,2026-09-30 14:36:49.503992
77,Julia Holland,2026-09-30 14:36:49.510865
78,Robyn Blocker,2026-09-30 14:36:49.510865
79,So Foot,2026-09-30 14:36:49.510865
80,https://www.iowapublicradio.org/people/anastasia-tsioulcas,2026-09-30 14:36:49.510865
81,Gunjan Chaudhary,2026-09-30 14:36:49.516223
82,Zeffy,2026-09-30 14:36:49.516223
83,مركز الاتحاد للأخبار,2026-09-30 14:36:49.516223
85,amitkamath,2026-09-30 14:36:53.589771
86,mashkoorakhan,2026-09-30 14:36:53.589771
87,Agency Report,2026-09-30 14:36:53.600173
88,DEBOLINA ROY,2026-09-30 14:36:53.600173
89,Frisco RoughRiders,2026-09-30 14:36:53.600173
90,LUKE FUNK,2026-09-30 14:36:53.600173
91,Sarah Mitchell,2026-09-30 14:36:53.600173
92,Aman Wadhwa,2026-09-30 14:36:53.605744
93,Anshika Pandey,2026-09-30 14:36:53.605744
94,Monica Singh,2026-09-30 14:36:53.605744
95,Teri Leigh 💜,2026-09-30 14:36:53.605744
96,Vanshika Tyagi,2026-09-30 14:36:53.605744
97,à²ڈà²œà³†à²¨à³چà²¸à³€à²¸à³چ,2026-09-30 14:36:53.605744
98,Benjamin Cottrell,2026-09-30 14:36:58.074886
99,Crystal Palace F.C.,2026-09-30 14:36:58.074886
100,Loïc D.,2026-09-30 14:36:58.074886
101,Rémi Deschamps,2026-09-30 14:36:58.074886
102,The Journal of Clinical Investigation,2026-09-30 14:36:58.074886
103,سكاي نيوز عربية,2026-09-30 14:36:58.074886
104,Deena Prichep,2026-09-30 14:36:58.084601
105,Joe Roberts,2026-09-30 14:36:58.084601
106,Snehil Singh,2026-09-30 14:36:58.084601
107,https://www.kucb.org/people/ayesha-rascoe,2026-09-30 14:36:58.084601
109,Marija,2026-09-30 14:36:58.095932
110,Nwafor,2026-09-30 14:36:58.095932
111,Gio Farley,2026-09-30 14:37:00.43875
112,Lorcan Lovett,2026-09-30 14:37:00.43875
113,ABP Live,2026-09-30 14:37:00.45162
115,الجزيرة نت,2026-09-30 14:37:00.45162
117,Alexandre Godard,2026-09-30 14:37:00.458299
118,Chandelis Duster,2026-09-30 14:37:00.458299
119,India News Desk,2026-09-30 14:37:00.458299
120,Kabir,2026-09-30 14:37:00.458299
121,https://www.delawarepublic.org/people/rob-stein,2026-09-30 14:37:00.458299
122,HT Correspondent,2026-09-30 14:37:17.363086
123,HT News Desk,2026-09-30 14:37:17.363086
124,Tushar Deep Singh,2026-09-30 14:37:17.363086
125,https://www.lex18.com/hannah-hamelback,2026-09-30 14:37:17.363086
126,https://www.wbaa.org/people/npr-staff,2026-09-30 14:37:17.363086
127,Business Standard,2026-09-30 14:37:17.370543
129,Le10Sport.com,2026-09-30 14:37:17.370543
130,The Associated Press,2026-09-30 14:37:17.370543
131,Vikas Kumar,2026-09-30 14:37:17.370543
132,France 24,2026-09-30 14:37:17.379142
134,Urowayino Jeremiah,2026-09-30 14:37:17.379142
135,https://www.india.com/author/ayush-srivastava/,2026-09-30 14:37:17.379142
136,webzed,2026-09-30 14:37:17.379142
137,CAPA - Centre for Aviation,2026-09-30 14:37:20.221528
138,Mainak Das,2026-09-30 14:37:20.221528
139,Scott Hahn,2026-09-30 14:37:20.221528
140,https://www.keranews.org/people/leila-fadel,2026-09-30 14:37:20.221528
141,سبوتنيك عربي,2026-09-30 14:37:20.221528
142,IANS Agency,2026-09-30 14:37:20.228179
143,TOI Science Desk,2026-09-30 14:37:20.228179
144,Zee Media Bureau,2026-09-30 14:37:20.228179
145,Zonebourse,2026-09-30 14:37:20.228179
146,https://www.kanw.org/people/miles-parks,2026-09-30 14:37:20.228179
147,David Bouchier,2026-09-30 14:37:20.234533
148,Ivy Buck,2026-09-30 14:37:20.234533
150,Jamaldeen Wiayuka,2026-09-30 14:37:23.401193
152,Matt Meeker,2026-09-30 14:37:23.401193
153,Rahul M,2026-09-30 14:37:23.401193
154,Robert Morin,2026-09-30 14:37:23.401193
157,https://www.wlrn.org/people/npr-staff,2026-09-30 14:37:23.409365
158,sayakdutta,2026-09-30 14:37:23.409365
159,Bosco Dominique,2026-09-30 14:37:23.416749
160,Denny Connolly,2026-09-30 14:37:23.416749
161,News Team,2026-09-30 14:37:23.416749
162,عين ليبيا,2026-09-30 14:37:23.416749
163,Katie Kindelan,2026-09-30 14:37:25.888392
164,Lakshana N Palat,2026-09-30 14:37:25.888392
165,Staff Reporter,2026-09-30 14:37:25.888392
166,Victor Tangermann,2026-09-30 14:37:25.888392
167,https://www.kdll.org/people/terry-gross,2026-09-30 14:37:25.888392
168,https://www.krwg.org/people/terry-gross,2026-09-30 14:37:25.888392
169,Here & Now Newsroom,2026-09-30 14:37:25.905538
170,"Jim Engster | President, Tiger Rag",2026-09-30 14:37:25.905538
171,Patricia Traina,2026-09-30 14:37:25.905538
172,https://www.keranews.org/caroline-love-1,2026-09-30 14:37:25.905538
174,Christopher Intagliata,2026-09-30 14:37:25.915334
175,TNIE online desk,2026-09-30 14:37:25.915334
176,https://www.wuwm.com/people/eddie-morales,2026-09-30 14:37:25.915334
177,مصعب صلاح,2026-09-30 14:37:25.915334
178,CNA,2026-09-30 14:37:33.605179
179,Chloee Weiner,2026-09-30 14:37:33.605179
180,Eamon Cassels,2026-09-30 14:37:33.605179
181,Rafael Nam,2026-09-30 14:37:33.605179
182,Asianet News Central,2026-09-30 14:37:33.612473
183,Avijit Sinha,2026-09-30 14:37:33.612473
184,Our Web Correspondent,2026-09-30 14:37:33.612473
185,PTI,2026-09-30 14:37:33.612473
186,.,2026-09-30 14:37:33.618548
187,Lenny Anderson,2026-09-30 14:37:33.618548
190,aawsat_News,2026-09-30 14:37:33.618548
194,Simran Jeet,2026-09-30 14:37:37.240489
195,Tamara Keith,2026-09-30 14:37:37.240489
197,https://www.nhpr.org/people/tamara-keith,2026-09-30 14:37:37.240489
198,AOF,2026-09-30 14:37:37.247064
200,"Carolyn Dawson, Rebecca Dibb-Simkin",2026-09-30 14:37:37.247064
201,Daniel Kilkelly,2026-09-30 14:37:37.247064
203,Krushna Prasad Pattnaik,2026-09-30 14:37:40.588605
204,Pooja Gawai,2026-09-30 14:37:40.588605
205,blue News,2026-09-30 14:37:40.588605
206,يمنى محمد,2026-09-30 14:37:40.588605
208,David J. Kyle,2026-09-30 14:37:40.605575
209,Juliet F.,2026-09-30 14:37:40.605575
211,تونس - وام,2026-09-30 14:37:40.605575
212,"Bob D'Angelo, Cox Media Group National Content Desk",2026-09-30 14:37:40.612176
214,Jill Barshay for The Hechinger Report,2026-09-30 14:37:40.612176
215,Jonathan Small,2026-09-30 14:37:40.612176
217,Kalpesh Mhamunkar,2026-09-30 14:37:43.821911
218,Mike Shields,2026-09-30 14:37:43.821911
219,Thomas  Burke,2026-09-30 14:37:43.821911
220,Zacks,2026-09-30 14:37:43.821911
222,وحدة المصادر المفتوحة,2026-09-30 14:37:43.829689
226,AFP,2026-09-30 14:37:57.532913
227,CBS Miami,2026-09-30 14:37:57.532913
228,Patrick McDonald,2026-09-30 14:37:57.532913
229,Reuters,2026-09-30 14:37:57.532913
230,https://www.latimes.com/people/cerys-davies,2026-09-30 14:37:57.532913
231,Dylan Robertson,2026-09-30 14:37:57.548555
232,M Dowling,2026-09-30 14:37:57.548555
233,WayneTimes.com,2026-09-30 14:37:57.548555
234,iHeartRadio,2026-09-30 14:37:57.548555
235,Barchart,2026-09-30 14:37:57.55728
239,The Brussels Times,2026-09-30 14:38:00.967803
240,i24NEWS,2026-09-30 14:38:00.967803
241,عرب ٤٨,2026-09-30 14:38:00.967803
242,Johnathan Jones,2026-09-30 14:38:00.980678
244,Hamdo Hamadeh,2026-09-30 14:38:00.987258
245,Immediapress,2026-09-30 14:38:00.987258
246,https://www.knkx.org/people/leila-fadel,2026-09-30 14:38:00.987258
247,https://www.knkx.org/people/steve-inskeep,2026-09-30 14:38:00.987258
249,Future Market Insights,2026-09-30 14:38:04.196388
250,Mark Wilson,2026-09-30 14:38:04.196388
252,Vietnam Investment Review - VIR,2026-09-30 14:38:04.196388
254,Alain Vernet - Rédacteur Sécurité / Politique / Religion,2026-09-30 14:38:04.203782
255,Andrea Margolis,2026-09-30 14:38:04.203782
260,"Emilie Ridard, Céline Stegmüller",2026-09-30 14:38:04.210241
261,Zach Dean,2026-09-30 14:38:04.210241
262,https://www.wemu.org/people/ana-longoria-1,2026-09-30 14:38:04.210241
264,Anadolu Agency,2026-09-30 14:38:11.933855
265,Dave Stillman,2026-09-30 14:38:11.933855
266,Natasha Rigler,2026-09-30 14:38:11.933855
267,https://www.wyso.org/people/david-folkenflik,2026-09-30 14:38:11.933855
268,ronemorninghustle,2026-09-30 14:38:11.933855
269,Iris Dorbian,2026-09-30 14:38:11.949467
270,PJ Wright,2026-09-30 14:38:11.949467
271,Ayang Macdonald,2026-09-30 14:42:54.259551
272,Court reporter,2026-09-30 14:42:54.259551
273,Modernghana,2026-09-30 14:42:54.259551
274,https://www.wwno.org/people/leila-fadel,2026-09-30 14:42:54.259551
275,Alexander Wilson,2026-09-30 14:42:54.269842
276,Dylan Kickham,2026-09-30 14:42:54.269842
277,FOX 13 News,2026-09-30 14:42:54.269842
278,Hannah Kerns,2026-09-30 14:42:54.269842
279,admin,2026-09-30 14:42:54.269842
280,Brandon Gustafson,2026-09-30 14:42:54.275437
281,Gene Menez,2026-09-30 14:42:54.275437
282,BlackAmericaWeb Staff,2026-09-30 14:42:59.535481
283,Velnox Solutions,2026-09-30 14:42:59.535481
284,Vladimir Slepian,2026-09-30 14:42:59.535481
285,Wade Steinlage,2026-09-30 14:42:59.535481
286,LaKesha Hewlett,2026-09-30 14:42:59.541682
287,Ronnie Marley,2026-09-30 14:42:59.541682
290,https://www.lakeshorepublicmedia.org/people/lauren-frayer,2026-09-30 14:42:59.541682
291,Derek Lee,2026-09-30 14:42:59.546403
292,Rainer Zitelmann,2026-09-30 14:42:59.546403
294,https://www.katc.com/anthony-council,2026-09-30 14:42:59.546403
295,Boursorama avec AFP,2026-09-30 14:43:06.658851
296,Brady Snyder,2026-09-30 14:43:06.658851
298,globebusiness,2026-09-30 14:43:06.658851
300,DTNEXT Bureau,2026-09-30 14:43:06.671771
302,Rédaction Elle adore,2026-09-30 14:43:06.671771
303,Shraddha Pandey,2026-09-30 14:43:06.671771
304,Jill Filipovic,2026-09-30 14:46:30.7046
305,L'Hocine Harzoune,2026-09-30 14:46:30.7046
306,https://www.kclu.org/people/elena-moore,2026-09-30 14:46:30.7046
307,https://www.wusf.org/people/rebecca-hersher,2026-09-30 14:46:30.7046
308,https://www.wvpe.org/people/leila-fadel,2026-09-30 14:46:30.7046
309,Rhitu Chatterjee,2026-09-30 14:46:30.717622
310,https://www.boisestatepublicradio.org/people/rhitu-chatterjee,2026-09-30 14:46:30.717622
312,India Today News Desk,2026-09-30 14:46:30.724439
313,Mimansa Shekhar,2026-09-30 14:46:30.724439
316,Leonardo Herrera,2026-09-30 14:46:48.182491
317,"Natalie Dreier, Cox Media Group National Content Desk",2026-09-30 14:46:48.182491
318,Renee Kuek,2026-09-30 14:46:48.182491
319,Shivam Sharma,2026-09-30 14:46:48.182491
320,www.ETBrandEquity.com,2026-09-30 14:46:48.182491
322,Jewish Press Staff,2026-09-30 14:46:48.190595
324,Rabbi Moshe Kurtz,2026-09-30 14:46:48.190595
325,#,2026-09-30 14:46:48.195347
326,Eman Hamed,2026-09-30 14:46:48.195347
327,Express News Service,2026-09-30 14:46:48.195347
328,https://www.wcpo.com/cincy-lifestyle-staff,2026-09-30 14:46:48.195347
329,newsone Staff,2026-09-30 14:46:48.195347
331,Reuters Agency,2026-09-30 14:46:55.151353
333,Jamie Woodhouse,2026-09-30 14:46:55.16105
335,ECHL,2026-09-30 14:46:55.166963
336,حاوره: علي الرباعي Al_ARobai@,2026-09-30 14:46:55.166963
337,حنين محمد عقيل,2026-09-30 14:46:55.166963
338,Arielle Zionts,2026-09-30 14:46:58.763177
339,Ask the Urban Daily,2026-09-30 14:46:58.763177
341,Chamian Cruz,2026-09-30 14:46:58.763177
342,https://pocahontastimes.com/author/suzanne/,2026-09-30 14:46:58.763177
343,https://www.wkyufm.org/people/david-martin-davies,2026-09-30 14:46:58.763177
344,Cat Sandoval,2026-09-30 14:46:58.772657
345,Maria Godoy,2026-09-30 14:46:58.772657
346,Muhammad Ridwan,2026-09-30 14:46:58.772657
347,https://www.wrtv.com/associated-press,2026-09-30 14:46:58.772657
348,Chithaluri Revanth,2026-09-30 14:46:58.779504
349,S Bachan Jeet Singh,2026-09-30 14:46:58.779504
350,Bart DHanis,2026-09-30 14:47:01.655845
351,F_400991,2026-09-30 14:47:01.655845
352,list.metadata.agency,2026-09-30 14:47:01.655845
353,Garvit Parashar,2026-09-30 14:47:01.664047
354,Staff Writer,2026-09-30 14:47:01.664047
355,https://www.kawc.org/people/a-martinez,2026-09-30 14:47:01.664047
358,Interfax-Ukraine,2026-09-30 14:47:01.669688
359,Sarah Brohi,2026-09-30 14:47:01.669688
361,Souptik Datta,2026-09-30 14:47:04.327383
362,Zahra Awan,2026-09-30 14:47:04.327383
364,Ella Bennett,2026-09-30 14:47:04.336359
366,Patrick Penrose,2026-09-30 14:47:04.336359
368,https://www.zazoom.it/blog/chisiamo.asp,2026-09-30 14:47:04.336359
369,وكالة أنباء الإمارات,2026-09-30 14:47:04.336359
370,ALANNA DURKIN RICHER,2026-09-30 14:47:04.341999
371,Innovation / Tech,2026-09-30 14:47:04.341999
372,JT  Moodee Lockman,2026-09-30 14:47:04.341999
373,"Stephen Simpson, The Texas Tribune",2026-09-30 14:47:04.341999
374,Sujit John,2026-09-30 14:47:04.341999
375,http://www.facebook.com/alkhalij365,2026-09-30 14:47:04.341999
376,Agriculture and Agri-Food Canada,2026-09-30 14:47:07.137454
377,Khaled Mahmoud,2026-09-30 14:47:07.137454
378,Ryan O'Leary,2026-09-30 14:47:07.137454
379,Sebastián De Toma,2026-09-30 14:47:07.137454
380,البيان,2026-09-30 14:47:07.137454
381,فلسطين أون لاين,2026-09-30 14:47:07.137454
382,Andrea Dresdale,2026-09-30 14:47:07.150887
383,Dan  Raby,2026-09-30 14:47:07.150887
384,Gigi Fong,2026-09-30 14:47:07.150887
385,Ontario Securities Commission,2026-09-30 14:47:07.150887
386,Rickey Smiley Morning Show,2026-09-30 14:47:07.150887
387,Em Casalena,2026-09-30 14:47:07.156632
388,Eric Florack,2026-09-30 14:47:07.156632
391,"عادل نجدي ــ الرباط,",2026-09-30 14:47:07.156632
392,Bill Chappell,2026-09-30 14:47:09.849797
393,Felix Sarver,2026-09-30 14:47:09.849797
395,Stephen Schenck,2026-09-30 14:47:09.855629
396,https://www.denver7.com/micah-smith,2026-09-30 14:47:09.855629
397,Cathy Teng,2026-09-30 14:47:09.861169
398,Edward Gou,2026-09-30 14:47:09.861169
399,Ivan Tustanivskyi,2026-09-30 14:47:09.861169
400,Mitch Kendra,2026-09-30 14:47:09.861169
402,Erik Barnes,2026-09-30 14:47:17.513061
404,Heather Wake,2026-09-30 14:47:17.513061
405,Jason Shebilske,2026-09-30 14:47:17.513061
407,vrtnws,2026-09-30 14:47:17.513061
408,Ananya Gairola,2026-09-30 14:47:17.523569
410,Mohd Haider,2026-09-30 14:47:17.523569
412,Adhe Makayasa,2026-09-30 14:47:17.529515
413,Dan Kuhl,2026-09-30 14:47:17.529515
414,Hussien Elkabany,2026-09-30 14:47:17.529515
415,https://www.krwg.org/people/heller-mcalpin,2026-09-30 14:47:17.529515
416,mycolumbusmagic Staff,2026-09-30 14:47:17.529515
417,Debora Coty,2026-09-30 14:47:20.543086
418,Eugene Buono,2026-09-30 14:47:20.543086
419,Marie Gilmore,2026-09-30 14:47:20.543086
420,Staff Report,2026-09-30 14:47:20.543086
421,bushra saleem,2026-09-30 14:47:20.543086
422,Cédric Arnould - Rédacteur High Tech / Jeux Vidéo / Arnaques,2026-09-30 14:47:20.551275
424,Meher Dhanjal,2026-09-30 14:47:20.551275
425,Asiye Yilmaz,2026-09-30 14:47:20.558324
426,Chankesh Rao,2026-09-30 14:47:20.558324
427,DT,2026-09-30 14:47:20.558324
428,Kristen Wong,2026-09-30 14:47:20.558324
429,Aksil Ouali,2026-09-30 14:47:24.076455
430,Babnet,2026-09-30 14:47:24.076455
431,Moataz Bellah El Hadedy,2026-09-30 14:47:24.076455
435,NBC 26 Staff,2026-09-30 14:47:24.090942
436,https://www.fourfourtwo.com/us/author/joe-mewis,2026-09-30 14:47:24.090942
438,Viola Nee,2026-09-30 14:47:24.104086
440,India TV News,2026-09-30 14:47:27.433955
442,Bethany Braun-Silva,2026-09-30 14:47:27.441339
443,Donny Afroni,2026-09-30 14:47:27.441339
444,Muhammad Zaki,2026-09-30 14:47:27.441339
446,ليلى الجندي,2026-09-30 14:47:27.441339
447,Catie Dull,2026-09-30 14:47:27.447887
448,Oscar Van Heerden,2026-09-30 14:47:27.447887
449,Papiya Chatterjee,2026-09-30 14:47:27.447887
450,Ricci Shryock,2026-09-30 14:47:27.447887
451,سما الإخبارية,2026-09-30 14:47:27.447887
452,Sammi Silber,2026-09-30 14:47:32.249018
453,Satata Karmakar,2026-09-30 14:47:32.249018
454,https://www.delmarvapublicmedia.org/people/ayesha-rascoe,2026-09-30 14:47:32.249018
455,https://www.delmarvapublicmedia.org/people/lauren-frayer,2026-09-30 14:47:32.249018
456,https://www.wmuk.org/people/ayesha-rascoe,2026-09-30 14:47:32.249018
457,CBS San Francisco,2026-09-30 14:47:32.271606
458,Randy DeSoto,2026-09-30 14:47:32.271606
460,https://www.wvasfm.org/people/ari-daniel,2026-09-30 14:47:32.271606
462,TSN_Sports,2026-09-30 14:47:32.281606
463,sudburydotcom,2026-09-30 14:47:32.281606
465,https://www.tampabay28.com/frances-lin,2026-09-30 14:47:40.594863
466,Bella Walser,2026-09-30 14:47:40.601123
467,David Harth,2026-09-30 14:47:40.601123
468,Sarah Lewis,2026-09-30 14:47:40.601123
469,William Goodson,2026-09-30 14:47:40.601123
470,أحمد مريسي,2026-09-30 14:47:40.601123
471,Alex Cooper,2026-09-30 14:47:40.607575
472,S Farah Rizvi,2026-09-30 14:47:40.607575
473,TOI Education,2026-09-30 14:47:40.607575
474,The Times Of India,2026-09-30 14:47:40.607575
475,Anukriti Srivastava,2026-09-30 14:47:44.04628
476,Ross Roche,2026-09-30 14:47:44.04628
477,Saborni Saha,2026-09-30 14:47:44.04628
482,Sofía Renó,2026-09-30 14:47:44.061467
484,6medias2,2026-09-30 14:47:46.314154
485,Editor,2026-09-30 14:47:46.314154
486,Léonce Cyriaque,2026-09-30 14:47:46.314154
487,Megan Ellis,2026-09-30 14:47:46.314154
489,Abdelaziz Merzouk,2026-09-30 14:47:46.322682
490,Nonkululeko Njilo,2026-09-30 14:47:46.322682
491,Rathbones Group PLC,2026-09-30 14:47:46.322682
493,https://www.statenews.org/people/karen-kasler,2026-09-30 14:47:46.322682
496,NOAH TRISTER,2026-09-30 14:47:46.328312
497,La Rédaction,2026-09-30 14:47:53.696208
499,Tony Jackson,2026-09-30 14:47:53.696208
501,Admin,2026-09-30 14:47:53.715076
502,IndependentSG,2026-09-30 14:47:53.715076
503,Mary Pat Thompson,2026-09-30 14:47:53.715076
504,Paolo Zialcita,2026-09-30 14:47:53.715076
505,Will Haigler,2026-09-30 14:47:53.715076
507,Jeremy Smith,2026-09-30 14:50:46.492781
508,Kishor Kadam,2026-09-30 14:50:46.492781
509,Sunniva Rose,2026-09-30 14:50:46.492781
510,TIM REYNOLDS,2026-09-30 14:50:46.492781
511,Times Now Digital,2026-09-30 14:50:46.492781
512,CBS News,2026-09-30 14:50:46.504125
513,Cooper Katz McKim,2026-09-30 14:50:46.504125
514,Property / Construction,2026-09-30 14:50:46.504125
515,The Village Green,2026-09-30 14:50:46.504125
516,Vietnam+ (VietnamPlus),2026-09-30 14:50:46.504125
517,https://www.michiganpublic.org/people/selena-simmons-duffin,2026-09-30 14:50:46.504125
518,Jesse Tinsley,2026-09-30 14:50:46.512193
519,Mike Kihaki,2026-09-30 14:50:46.512193
520,"Par Pacific Holdings, Inc.",2026-09-30 14:50:46.512193
522,John Connor,2026-09-30 14:50:49.297108
523,John McKay,2026-09-30 14:50:49.297108
525,R Sivakumar,2026-09-30 14:50:49.297108
526,Sayantani Biswas,2026-09-30 14:50:49.297108
528,Emirates News Agency,2026-09-30 14:50:49.305604
529,Radhika Hitkari,2026-09-30 14:50:49.305604
531,Dwaipayan Roy,2026-09-30 14:50:49.312335
532,Jason Leahy,2026-09-30 14:50:49.312335
533,Koreus,2026-09-30 14:50:49.312335
534,Les Correspondants,2026-09-30 14:50:49.312335
535,Mudit Dube,2026-09-30 14:50:49.312335
536,Abdul Rahman,2026-09-30 14:50:56.37784
537,Gabrielle Emanuel,2026-09-30 14:50:56.37784
538,Nicholas   Cheolas,2026-09-30 14:50:56.37784
540,Toshiro Agarwal,2026-09-30 14:50:56.37784
542,NewsMedical,2026-09-30 14:50:56.404323
543,Offshore Engineer,2026-09-30 14:50:56.404323
544,Thomas Harding,2026-09-30 14:50:56.404323
545,https://www.tpr.org/people/tamara-keith,2026-09-30 14:50:56.404323
546,Bristi Dey,2026-09-30 14:50:56.428761
549,https://www.knkx.org/people/greg-rosalsky,2026-09-30 14:50:56.428761
550,Dahbia Hattabi,2026-09-30 14:51:04.401144
551,Halia Therapeutics,2026-09-30 14:51:04.401144
552,Lewis Oldham,2026-09-30 14:51:04.401144
554,Rocket Lawyer,2026-09-30 14:51:04.401144
556,"Smokeball, Inc.",2026-09-30 14:51:04.40816
557,Standex International Corporation,2026-09-30 14:51:04.40816
558,TOI Lifestyle Desk,2026-09-30 14:51:04.40816
560,98.5,2026-09-30 14:51:04.415647
561,Michael Lev,2026-09-30 14:51:04.415647
562,Mishael Quaynor,2026-09-30 14:51:04.415647
563,Moataz Elgammal,2026-09-30 14:51:04.415647
564,Thaiger,2026-09-30 14:51:04.415647
565,Ariana News,2026-09-30 14:51:07.912656
566,CBS New York,2026-09-30 14:51:07.912656
567,Jonas Mäki,2026-09-30 14:51:07.912656
568,José Adorno,2026-09-30 14:51:07.912656
570,zamobserver,2026-09-30 14:51:07.912656
571,ElBaladOfficial,2026-09-30 14:51:07.92228
572,Stacker,2026-09-30 14:51:07.92228
576,https://www.krwg.org/people/benjamin-swasey,2026-09-30 14:51:07.92228
577,Kemajl Berisha,2026-09-30 14:51:07.92799
580,irina.popescu0,2026-09-30 14:51:07.92799
581,radu.dumitrescu,2026-09-30 14:51:07.92799
582,AP,2026-09-30 14:51:10.555458
583,Daniel Gura,2026-09-30 14:51:10.555458
584,"Giovana Medeiros, Lara Bryan",2026-09-30 14:51:10.555458
585,Oumar Boubacar Ndongo,2026-09-30 14:51:10.555458
586,STAFF,2026-09-30 14:51:10.555458
588,FOX 29 Staff,2026-09-30 14:51:10.56195
589,Meghan Drummond,2026-09-30 14:51:10.56195
590,anupamayadav,2026-09-30 14:51:10.56195
591,صحراء ميديا,2026-09-30 14:51:10.56195
592,JEFF AMY,2026-09-30 14:51:10.566857
593,Joshua Barney,2026-09-30 14:51:10.566857
595,The Editorial Board,2026-09-30 14:51:10.566857
598,Eric Swensen,2026-09-30 14:51:15.200736
599,Lynn-Linzer Kibebe,2026-09-30 14:51:15.200736
600,Manisha Malhotra,2026-09-30 14:51:15.200736
601,Michael Austin,2026-09-30 14:51:15.200736
602,Im Eun-byel,2026-09-30 14:51:15.205984
604,SOPHiA GENETICS,2026-09-30 14:51:15.205984
605,AFP Video,2026-09-30 14:51:15.211991
606,Le Revenu,2026-09-30 14:51:15.211991
607,Renz Soliman,2026-09-30 14:51:15.211991
608,Sergio Martínez-Beltrán,2026-09-30 14:51:15.211991
609,Shanique Yates,2026-09-30 14:51:15.211991
610,Sidoine F,2026-09-30 14:51:15.211991
611,Gill Clark,2026-09-30 14:51:18.489169
613,Service Actualités,2026-09-30 14:51:18.489169
615,Business Today Desk,2026-09-30 14:51:18.495981
616,Investing News Network,2026-09-30 14:51:18.495981
618,Qais Omar Darwesh Omar,2026-09-30 14:51:18.495981
619,Herald Reporter,2026-09-30 14:51:18.502528
620,https://www.latimes.com/people/joseph-serna,2026-09-30 14:51:18.502528
621,iClic (www.iclic.com),2026-09-30 14:51:18.502528
622,«عكاظ» (سنغافورة),2026-09-30 14:51:18.502528
623,Colin Dodds,2026-09-30 14:51:25.726331
624,Jude Summerfield,2026-09-30 14:51:25.726331
625,Melissa Dudek,2026-09-30 14:51:25.726331
627,Alexandra Lavoie,2026-09-30 14:51:25.774243
628,Charlie Herbert,2026-09-30 14:51:25.774243
629,Cody,2026-09-30 14:51:25.774243
631,Matt Postins,2026-09-30 14:51:25.786154
633,Vanotech Ltd,2026-09-30 14:51:25.786154
635,Monteverde & Associates PC,2026-09-30 14:51:28.041555
636,WallachBeth Capital LLC,2026-09-30 14:51:28.041555
637,Clubic,2026-09-30 14:51:28.047138
638,Desirazu Venkat,2026-09-30 14:51:28.047138
639,Emmanuel Monye,2026-09-30 14:51:28.047138
641,Alessia Simona Maratta,2026-09-30 14:51:28.055496
642,Catalina,2026-09-30 14:51:28.055496
644,By Lam Nguyen - Translated by Anh Quan,2026-09-30 14:51:35.18887
645,By staff writers – Translated by Thanh Tam,2026-09-30 14:51:35.18887
646,HT US Desk,2026-09-30 14:51:35.18887
648,Sanya Jain,2026-09-30 14:51:35.18887
649,Dedi Yondra,2026-09-30 14:51:35.206192
650,James Freemantle,2026-09-30 14:51:35.206192
651,Justin Hughes,2026-09-30 14:51:35.206192
652,Siseko Gwegwe,2026-09-30 14:51:35.206192
653,Andie Hagemann,2026-09-30 14:51:35.211402
655,Jason Huther,2026-09-30 14:51:35.211402
656,Phil Sadsad,2026-09-30 14:51:35.211402
658,La rédaction Marie-France,2026-09-30 14:51:37.398529
659,Matthew Gilligan,2026-09-30 14:51:37.398529
660,Pensoft Publishers,2026-09-30 14:51:37.398529
662,https://www.keranews.org/people/steve-inskeep,2026-09-30 14:51:37.398529
664,EQS Group,2026-09-30 14:51:37.416284
665,Sohrab Hassan,2026-09-30 14:51:37.416284
666,https://www.publicradioeast.org/people/annette-weston-riggs-1,2026-09-30 14:51:37.416284
667,https://www.publicradioeast.org/people/tamara-keith,2026-09-30 14:51:37.416284
668,Nick Nahas,2026-09-30 14:51:37.447752
670,https://www.india.com/author/victor-dasgupta/,2026-09-30 14:51:37.447752
671,https://www.wwno.org/people/steve-inskeep,2026-09-30 14:51:37.447752
672,Choi Yeon-jae,2026-09-30 14:51:44.455085
673,Julia Bunker,2026-09-30 14:51:44.455085
675,Research and Markets,2026-09-30 14:51:44.455085
676,https://www.facebook.com/boredpanda/,2026-09-30 14:51:44.455085
677,ACF Investment Bank,2026-09-30 14:51:44.49878
678,Lee Gim Siong,2026-09-30 14:51:44.49878
682,The Thurgood Marshall College Fund,2026-09-30 14:51:44.854287
683,Victoria Woodside,2026-09-30 14:51:44.854287
684,Zachary Leeman,2026-09-30 14:51:44.854287
685,Awad Rjoob,2026-09-30 14:51:47.060765
686,Bob Plaizier,2026-09-30 14:51:47.060765
687,News Staff,2026-09-30 14:51:47.060765
690,Akram D,2026-09-30 14:51:47.068619
691,David Ord,2026-09-30 14:51:47.068619
692,Gomesh S,2026-09-30 14:51:47.068619
694,JoshWilding,2026-09-30 14:51:47.068619
695,Kealy Shields,2026-09-30 14:51:47.068619
696,24NewsHD,2026-09-30 14:51:47.075568
697,Rick Horner,2026-09-30 14:51:47.075568
698,Sarfaraz Ahmed,2026-09-30 14:51:47.075568
699,Shimmick Corporation,2026-09-30 14:51:47.075568
700,djwire,2026-09-30 14:51:47.075568
701,https://www.klcc.org/people/lauren-hodges,2026-09-30 14:51:47.075568
702,Staff,2026-09-30 14:51:49.306928
704,Charlie,2026-09-30 14:51:49.314604
705,Jeannine Mancini,2026-09-30 14:51:49.314604
706,https://www.tvtechnology.com/author/georgewinslow,2026-09-30 14:51:49.314604
708,Fintel,2026-09-30 14:51:49.32095
711,BeritaHarian,2026-09-30 14:51:52.34541
712,CNN Newsource,2026-09-30 14:51:52.354377
715,Vinita Jain,2026-09-30 14:51:52.354377
716,Nellie Bowles,2026-09-30 14:51:52.359991
717,Tresha Dias,2026-09-30 14:51:52.359991
718,https://www.kdll.org/people/steve-inskeep,2026-09-30 14:51:52.359991
719,https://www.krwg.org/people/the-associated-press,2026-09-30 14:51:52.359991
720,AstroDevam,2026-09-30 14:51:54.366778
725,Jack Hobbs,2026-09-30 14:51:54.378716
727,Tarquin Cooper,2026-09-30 14:51:54.378716
728,Al Jazeera,2026-09-30 14:51:54.399593
730,CBS Chicago,2026-09-30 14:51:54.399593
731,Eugene Emeralds,2026-09-30 14:51:54.399593
732,Lewis Mitchell,2026-09-30 14:51:54.399593
735,CBS Baltimore,2026-09-30 14:51:57.487628
736,Chris Burton,2026-09-30 14:51:57.487628
737,David  McKnight,2026-09-30 14:51:57.487628
738,MotleyFool,2026-09-30 14:51:57.487628
743,https://www.boisestatepublicradio.org/people/terry-gross,2026-09-30 14:51:57.495244
744,Alex Byington,2026-09-30 14:51:57.500864
745,Andy Villamarzo,2026-09-30 14:51:57.500864
746,Bernard Smalls (@PhotosByBeanz),2026-09-30 14:51:57.500864
747,Carrie Berk,2026-09-30 14:51:57.500864
748,COLLEEN SLEVIN,2026-09-30 14:51:59.265516
749,Hanif Ben Berkane,2026-09-30 14:51:59.265516
750,Kathryn Fink,2026-09-30 14:51:59.265516
751,Thomas J Shepstone,2026-09-30 14:51:59.265516
753,Ateeq Shaikh,2026-09-30 14:51:59.283781
756,Antoine Clérat,2026-09-30 14:51:59.290504
757,Jeff Rouse Swim and Sport Center,2026-09-30 14:51:59.290504
758,Mark Lavonier,2026-09-30 14:51:59.290504
759,Ramachandra Guha,2026-09-30 14:51:59.290504
760,Rediff News,2026-09-30 14:51:59.290504
761,Bryan Chai,2026-09-30 14:52:02.855655
765,Jason La Canfora,2026-09-30 14:52:02.863179
766,Jeanne Ducreau,2026-09-30 14:52:02.863179
767,Maureen Kinyanjui,2026-09-30 14:52:02.863179
768,Trend.Az,2026-09-30 14:52:02.863179
769,newstalkcleveland Staff,2026-09-30 14:52:02.863179
771,Biplob Chakraborty,2026-09-30 14:52:02.879253
772,The Economist,2026-09-30 14:52:02.879253
773,https://www.senenews.com/author/kanefx,2026-09-30 14:52:02.879253
774,https://www.wyso.org/people/elissa-nadworny,2026-09-30 14:52:02.879253
777,http://www.facebook.com/dotalkhalij,2026-09-30 14:52:05.335152
779,Eshana Saha,2026-09-30 14:52:05.343254
780,FOX 32 Chicago,2026-09-30 14:52:05.343254
781,Francesco Armenio,2026-09-30 14:52:05.343254
782,Uriah Kiser,2026-09-30 14:52:05.343254
783,Xibaaru,2026-09-30 14:52:05.343254
784,https://www.golfmonthly.com/author/matt-cradock,2026-09-30 14:52:05.343254
785,Fabienne Ba.,2026-09-30 14:52:05.349607
787,https://www.kunc.org/people/alana-wise,2026-09-30 14:52:05.349607
788,Barnaby Lane,2026-09-30 14:52:08.874016
789,Cal Matters,2026-09-30 14:52:08.874016
790,Los Angeles Times,2026-09-30 14:52:08.874016
793,Cüneyt Çelik,2026-09-30 14:52:08.882687
794,Imaz Press Réunion,2026-09-30 14:52:08.882687
795,Yathiraju,2026-09-30 14:52:08.882687
796,anamnigupta,2026-09-30 14:52:08.882687
797,https://www.lakeshorepublicmedia.org/people/sam-gringlas,2026-09-30 14:52:08.882687
798,www.ETCIO.com,2026-09-30 14:52:08.882687
799,CBS Los Angeles,2026-09-30 14:52:08.902744
801,Aseem Sharma,2026-09-30 14:52:11.283516
802,DNA Video Team,2026-09-30 14:52:11.283516
803,"Dee-Ann Durbin And Mae Anderson, Associated Press",2026-09-30 14:52:11.283516
804,Tom Courel,2026-09-30 14:52:11.283516
806,Alexa Leung,2026-09-30 14:52:11.290783
808,https://www.wwno.org/people/rhitu-chatterjee,2026-09-30 14:52:11.290783
809,https://www.wwno.org/people/will-shortz,2026-09-30 14:52:11.290783
812,Theresa Kaluba,2026-09-30 14:52:11.300557
813,Witu Sindano,2026-09-30 14:52:11.300557
814,"Bronstein, Gewirtz & Grossman, LLC",2026-09-30 14:52:28.247596
815,Dean Nilo Divina,2026-09-30 14:52:28.247596
816,TOI World Desk,2026-09-30 14:52:28.247596
819,vietnam.vnanet.vn,2026-09-30 14:52:28.247596
820,Amanda Hurley,2026-09-30 14:52:28.293912
821,Ewan Ross-Murray,2026-09-30 14:52:28.293912
822,Mohamed Saeed,2026-09-30 14:52:28.293912
823,https://www.golfmonthly.com/author/jakob-barnes,2026-09-30 14:52:28.293912
824,www.ETEnergyworld.com,2026-09-30 14:52:28.293912
825,Asmita Ravi Shankar,2026-09-30 14:52:28.29976
826,Lyon Foot,2026-09-30 14:52:28.29976
827,Yash Nitish Bajaj,2026-09-30 14:52:28.29976
828,https://www.latimes.com/people/brittny-mejia,2026-09-30 14:52:28.29976
829,Debraj Mitra,2026-09-30 14:52:32.486733
830,ESPN,2026-09-30 14:52:32.486733
832,La rédaction,2026-09-30 14:52:32.874684
833,Angelo TOURÉ,2026-09-30 14:52:32.910898
835,Edouard Djogbénou,2026-09-30 14:52:32.910898
838,The Daily Caller News Foundation,2026-09-30 14:52:32.910898
839,Peter Norman,2026-09-30 14:52:35.606321
842,https://www.kcbx.org/people/leila-fadel,2026-09-30 14:52:35.606321
844,ANI,2026-09-30 14:52:35.614092
846,Stephen N R,2026-09-30 14:52:35.614092
847,Yvan Styve Ngoue,2026-09-30 14:52:35.614092
848,Guest Contributor,2026-09-30 14:52:35.61979
850,Matt Stead,2026-09-30 14:52:35.61979
852,Aurzen Official,2026-09-30 14:52:42.629334
853,"Bambusa Therapeutics, Inc.",2026-09-30 14:52:42.629334
854,Common Dreams,2026-09-30 14:52:42.629334
855,DOUG FERGUSON,2026-09-30 14:52:42.629334
856,Oliver Guirdham,2026-09-30 14:52:42.629334
857,iPhonfr,2026-09-30 14:52:42.629334
859,Sofia Herrera,2026-09-30 14:52:42.638417
860,Web Desk,2026-09-30 14:52:42.638417
861,DailyMailUK,2026-09-30 14:52:43.489514
863,Molly O'Blivion,2026-09-30 14:52:43.489514
864,Shannon Briggs,2026-09-30 14:52:43.489514
866,Anirban Bhaumik,2026-09-30 14:52:49.935939
868,Nick Stockton,2026-09-30 14:52:49.935939
869,Nick Ziegler,2026-09-30 14:52:49.935939
873,Takeshi Young for Quizlet,2026-09-30 14:52:49.942748
875,Chris Burt,2026-09-30 14:52:49.947552
876,Eric Mutter,2026-09-30 14:52:49.947552
877,Nina Starner,2026-09-30 14:52:49.947552
878,Rebekah Jordan,2026-09-30 14:52:49.947552
879,The Whistler,2026-09-30 14:52:49.947552
880,Farm and Dairy Staff,2026-09-30 14:52:52.121766
881,Jillian Taylor,2026-09-30 14:52:52.121766
884,https://www.wptv.com/michael-hoffman,2026-09-30 14:52:52.121766
885,Asian News International,2026-09-30 14:52:52.162058
886,Chris Katje,2026-09-30 14:52:52.162058
887,Global Times,2026-09-30 14:52:52.162058
888,Prathamesh Kharade,2026-09-30 14:52:52.162058
889,Ravikiran Deshmukh,2026-09-30 14:52:52.162058
890,Tom Eaton,2026-09-30 14:52:52.162058
891,Ed Stocker,2026-09-30 14:52:52.176566
893,NDTV Profit News,2026-09-30 14:52:52.176566
894,The Mwebantu Team,2026-09-30 14:52:52.176566
895,Trey Schmaltz,2026-09-30 14:52:52.176566
896,https://www.marieclaire.com/author/meguire-hennes/,2026-09-30 14:52:52.176566
897,<!-- Author Start -->Fabrice Auclert<!-- Author End -->,2026-09-30 14:52:55.50463
898,Ashish Kumar Pandey,2026-09-30 14:52:55.50463
899,Krishan Davis,2026-09-30 14:52:55.50463
901,Stephanie Nutter,2026-09-30 14:52:55.50463
902,Deepanraj Ganesan,2026-09-30 14:52:55.515633
903,Kurdistan24,2026-09-30 14:52:55.515633
906,https://www.iowapublicradio.org/people/joel-rose,2026-09-30 14:52:55.515633
907,CBCNews,2026-09-30 14:52:55.522059
908,DH Online,2026-09-30 14:52:55.522059
909,Priyakshi Sharma,2026-09-30 14:52:55.522059
912,Dean Vaglia,2026-09-30 14:52:57.967786
916,Yosua Arya,2026-09-30 14:52:57.967786
917,Fakti,2026-09-30 14:52:57.975928
918,Mouvement Desjardins,2026-09-30 14:52:57.975928
920,Budianto Hutahaean,2026-09-30 14:52:57.982236
923,Lily Tyson,2026-09-30 14:53:15.164025
925,Sustainability Partners,2026-09-30 14:53:15.164025
926,Geo News Digital Desk,2026-09-30 14:53:15.171192
927,Kristen Robinson,2026-09-30 14:53:15.171192
928,Priyanjali Narayan,2026-09-30 14:53:15.171192
933,Jai Narain Pandey,2026-09-30 14:53:15.178145
934,Seamus Rohrer,2026-09-30 14:53:15.178145
935,Mike OHara,2026-09-30 14:53:17.607402
936,Rebecca Lau,2026-09-30 14:53:17.607402
937,Vivian La,2026-09-30 14:53:17.607402
938,https://www.wemu.org/people/eyder-peralta,2026-09-30 14:53:17.607402
940,Franck Manguin,2026-09-30 14:53:17.615505
941,https://www.wxyz.com/demetrios-sanders,2026-09-30 14:53:17.615505
942,Brent Koepp,2026-09-30 14:53:17.621627
944,Damien Chalon,2026-09-30 14:53:17.621627
945,Gredy Raffin,2026-09-30 14:53:17.621627
946,Obit Desk,2026-09-30 14:53:17.621627
949,Indo Asian Service News,2026-09-30 14:53:24.381137
950,Stephen Fowler,2026-09-30 14:53:24.381137
951,WBRZ News,2026-09-30 14:53:24.381137
953,Lorenzo,2026-09-30 14:53:24.404671
954,Olivia Harvey,2026-09-30 14:53:24.404671
958,Data Skrive,2026-09-30 14:53:24.422474
959,Zubair Amin,2026-09-30 14:53:24.422474
963,STOMP,2026-09-30 14:53:27.101194
965,Associated Press,2026-09-30 14:53:27.115682
966,CBS Philadelphia,2026-09-30 14:53:27.115682
968,Service actualité internationale,2026-09-30 14:53:27.115682
969,Joe O’Halloran,2026-09-30 14:53:27.127972
970,"Madrigal Pharmaceuticals, Inc.",2026-09-30 14:53:27.127972
971,Photo Webdesk,2026-09-30 14:53:27.127972
974,Akash Dutta,2026-09-30 14:53:29.796222
975,Enzo Willcox,2026-09-30 14:53:29.796222
976,Hope Nguyen,2026-09-30 14:53:29.796222
977,Jean-Yves Courtial,2026-09-30 14:53:29.796222
978,SHERYL ROWLING of Morningstar,2026-09-30 14:53:29.796222
979,https://www.facebook.com/sucharita09,2026-09-30 14:53:29.796222
980,Ayodele Joseph,2026-09-30 14:53:29.803707
981,ronemagicbaltimore,2026-09-30 14:53:29.803707
982,عمر سلامي,2026-09-30 14:53:29.803707
983,AAP,2026-09-30 14:53:29.808899
984,Celine Abrahams,2026-09-30 14:53:29.808899
985,Jillian Young,2026-09-30 14:53:29.808899
986,Press review Copyright DIRECTWAY - Romaniapress.com,2026-09-30 14:53:29.808899
987,Rob Norcup,2026-09-30 14:53:29.808899
988,Sophie Kuijper Dickson,2026-09-30 14:53:29.808899
989,Kanyshai Butun,2026-09-30 14:53:32.806421
991,Marko Brkic,2026-09-30 14:53:32.806421
993,https://www.jns.org/greg-kosinovsky,2026-09-30 14:53:32.806421
994,https://www.loudersound.com/author/matt-mills,2026-09-30 14:53:32.806421
995,ABNA Kurmancî,2026-09-30 14:53:32.815125
1001,fatima hassan,2026-09-30 14:53:32.82954
1002,https://www.ctpublic.org/people/carrie-johnson,2026-09-30 14:53:32.82954
1003,«عكاظ» (القاهرة),2026-09-30 14:53:32.82954
1004,Matt Levine,2026-09-30 14:53:35.212451
1005,Mike Phillips,2026-09-30 14:53:35.212451
1006,Riley Beveridge,2026-09-30 14:53:35.212451
1007,BV Swagath,2026-09-30 14:53:35.242689
1008,Samer Ajeeb,2026-09-30 14:53:35.242689
1010,Tom Clark,2026-09-30 14:53:35.242689
1012,Adrienne Martinez,2026-09-30 14:53:35.260959
1014,https://www.kpcw.org/people/frank-langfitt,2026-09-30 14:53:35.260959
1015,kurdpress,2026-09-30 14:53:35.260959
1017,Johanna Pauls,2026-09-30 14:53:40.780275
1018,Kyriacos Nicolaou,2026-09-30 14:53:40.780275
1019,Press Release,2026-09-30 14:53:40.780275
1022,Samantha Chang,2026-09-30 14:53:40.789536
1023,David Ovalle,2026-09-30 14:53:40.796367
1027,brisbanetimes,2026-09-30 14:53:40.796367
1028,"22nd Century Group, Inc.",2026-09-30 14:53:43.506759
1029,Cricket365,2026-09-30 14:53:43.506759
1031,Meharry Medical College,2026-09-30 14:53:43.506759
1032,AP via Scripps News Group,2026-09-30 14:53:43.514117
1033,Gloria Masia,2026-09-30 14:53:43.514117
1036,Okezone,2026-09-30 14:53:43.514117
1038,Bácsi Éva,2026-09-30 14:53:43.522109
1039,George Byron,2026-09-30 14:53:43.522109
1040,Jen McGuire,2026-09-30 14:53:43.522109
1041,Paige Freshwater,2026-09-30 14:53:43.522109
1042,ABNA English,2026-09-30 14:53:46.668981
1045,CIARÁN FAHEY,2026-09-30 14:53:46.676273
1046,Irfan Shaikh,2026-09-30 14:53:46.676273
1047,Jordan,2026-09-30 14:53:46.676273
1049,Niamh Shackleton,2026-09-30 14:53:46.683187
1050,TIMESOFINDIA.COM,2026-09-30 14:53:46.683187
1051,https://www.denver7.com/oscar-contreras,2026-09-30 14:53:46.683187
1053,Jake Simmons,2026-09-30 14:53:48.771817
1054,Robin Schmidt,2026-09-30 14:53:48.771817
1056,CMI MARKET RESEARCH PRIVATE LIMITED,2026-09-30 14:53:48.777945
1061,DHNS,2026-09-30 14:53:48.784204
1062,Martin Kidston,2026-09-30 14:53:48.784204
1063,https://www.wemu.org/people/rob-stein,2026-09-30 14:53:48.784204
1064,Focus Taiwan - CNA English News,2026-09-30 14:53:51.536251
1065,"Megan Finke, WHIO.com",2026-09-30 14:53:51.536251
1066,Sam Gringlas,2026-09-30 14:53:51.536251
1067,Sutresno Wahyudi,2026-09-30 14:53:51.536251
1068,أبنا العربية,2026-09-30 14:53:51.536251
1070,Jacques Allicio,2026-09-30 14:53:51.543098
1071,Maureen M.,2026-09-30 14:53:51.543098
1074,​Kevin Connelly,2026-09-30 14:53:51.543098
1076,Emie Berdah,2026-09-30 14:53:51.549059
1077,N Shenja,2026-09-30 14:53:51.549059
1078,Umaima Amir,2026-09-30 14:53:51.549059
1079,https://www.facebook.com/michelzbaidi,2026-09-30 14:53:51.549059
1081,https://www.kvpr.org/people/geoff-brumfiel,2026-09-30 14:53:53.847389
1082,https://www.wkar.org/people/a-martinez,2026-09-30 14:53:53.847389
1083,Echo Staff,2026-09-30 14:53:53.855554
1085,Recently Heard,2026-09-30 14:53:53.855554
1086,https://www.hawaiipublicradio.org/people/mandalit-del-barco,2026-09-30 14:53:53.855554
1087,usweekly,2026-09-30 14:53:53.855554
1092,almowatennet,2026-09-30 14:53:53.863424
1093,https://www.wlrn.org/people/steve-inskeep,2026-09-30 14:53:53.863424
1094,Ameé Ruszkai,2026-09-30 14:53:57.808385
1095,Hemanta Pradhan,2026-09-30 14:53:57.808385
1096,Mbalenhle Zuma,2026-09-30 14:53:57.808385
1097,BNK Invest,2026-09-30 14:53:58.012007
1099,Savannah Hawley-Bates,2026-09-30 14:53:58.012007
1100,Şenhan Bolelli,2026-09-30 14:53:58.012007
1101,Abhishek Sachin Sandikar,2026-09-30 14:53:58.878586
1102,Chip Drewry,2026-09-30 14:53:58.878586
1103,Mark Richard Sochon,2026-09-30 14:53:58.878586
1104,OKX Media Contact:,2026-09-30 14:53:58.878586
1105,Shabana Begum,2026-09-30 14:53:58.878586
1106,Dixie Drudge,2026-09-30 14:54:01.251938
1109,malaymail,2026-09-30 14:54:01.251938
1110,Ayooluwa Ayobami,2026-09-30 14:54:01.259324
1111,Blabbermouth,2026-09-30 14:54:01.259324
1112,Sayer Ji,2026-09-30 14:54:01.259324
1113,CBS Detroit,2026-09-30 14:54:01.266926
1114,Tom Hindle,2026-09-30 14:54:01.266926
1118,Stephen Lemons,2026-09-30 14:54:03.593526
1119,screenrant,2026-09-30 14:54:03.593526
1120,FOX 10 Staff,2026-09-30 14:54:03.60118
1121,Nestor Quixtan,2026-09-30 14:54:03.60118
1123,Varul Chaturvedi,2026-09-30 14:54:03.60118
1125,pourquoidocteur.fr,2026-09-30 14:54:06.601695
1126,Eric Cain,2026-09-30 14:54:06.61233
1127,ajay,2026-09-30 14:54:06.61233
1128,https://www.knba.org/people/scott-horsley,2026-09-30 14:54:06.61233
1131,Anish Mondal,2026-09-30 14:54:06.617147
1133,WSBTV.com News Staff,2026-09-30 14:54:06.617147
1134,https://www.delawarepublic.org/people/scott-simon,2026-09-30 14:54:06.617147
1135,https://www.kbia.org/people/scott-simon,2026-09-30 14:54:06.617147
1138,Julia Hernriak,2026-09-30 14:54:08.886297
1139,Alexis Kouahio,2026-09-30 14:54:08.897567
1140,Laura D'Angelo,2026-09-30 14:54:08.897567
1141,TheCitizen_News,2026-09-30 14:54:08.897567
1142,Walt Ruff & Peter Dewar,2026-09-30 14:54:08.897567
1145,Jalyn Smoot,2026-09-30 14:54:09.308362
1146,Justin Grasso,2026-09-30 14:54:09.308362
1147,Michael Kaskey-Blomain,2026-09-30 14:54:09.308362
1148,Daniel Ofman,2026-09-30 14:54:17.614547
1149,Greg Myre,2026-09-30 14:54:17.614547
1153,La Rédaction Peaches,2026-09-30 14:54:17.622318
1155,NITENDRA SHARMA,2026-09-30 14:54:17.622318
1156,Christian Berzins,2026-09-30 14:54:17.629988
1157,Dušan Pavlović,2026-09-30 14:54:17.629988
1158,Henry Valantine,2026-09-30 14:54:17.629988
1159,Michelle Foster,2026-09-30 14:54:17.629988
1160,Yoann Schott,2026-09-30 14:54:17.629988
1161,A Ahmed,2026-09-30 14:54:25.505954
1163,Kritika Bobal,2026-09-30 14:54:25.505954
1166,Surabhi Vasundharadevi,2026-09-30 14:54:25.505954
1167,CNEWS,2026-09-30 14:54:25.512445
1168,Ethan Oh,2026-09-30 14:54:25.512445
1169,Laiq Ur Rehman,2026-09-30 14:54:25.512445
1170,Sanjay Kumar,2026-09-30 14:54:25.512445
1173,CBS Minnesota,2026-09-30 14:54:25.517858
1175,Prasanta Sahu,2026-09-30 14:54:25.517858
1177,JEAN-LUC D,2026-09-30 14:54:29.864991
1178,https://www.wrvo.org/people/cory-turner,2026-09-30 14:54:29.864991
1179,AFP Agence France-Presse,2026-09-30 14:54:29.879298
1180,Christine Muchira,2026-09-30 14:54:29.879298
1181,Nintendo Life,2026-09-30 14:54:29.879298
1183,معتز الجمال,2026-09-30 14:54:29.879298
1185,Kyle Curtis,2026-09-30 14:54:29.887538
1186,LHGrey,2026-09-30 14:54:29.887538
1187,Laura  Fay,2026-09-30 14:54:29.887538
1188,Shawn Lealos,2026-09-30 14:54:29.887538
1189,https://news.prairiepublic.org/people/glen-weldon,2026-09-30 14:54:29.887538
1190,Asianet Pakistan,2026-09-30 14:54:33.264194
1191,Brian Jones,2026-09-30 14:54:33.264194
1192,Niharika Sanjeeiv,2026-09-30 14:54:33.264194
1193,NDTV Movies News Desk,2026-09-30 14:54:33.272865
1194,"Xulong Technology(Dongguan)Co., Ltd.",2026-09-30 14:54:33.272865
1195,Adrian Diaconescu,2026-09-30 14:54:33.278599
1197,Isaac Darko,2026-09-30 14:54:33.278599
1198,isinwheel,2026-09-30 14:54:33.278599
1201,Arvind A,2026-09-30 14:54:35.422302
1202,Kim Tan,2026-09-30 14:54:35.422302
1203,Omondi Onyatta,2026-09-30 14:54:35.422302
1204,https://www.delmarvapublicmedia.org/people/allison-aubrey,2026-09-30 14:54:35.422302
1205,webmanagercenter.com,2026-09-30 14:54:35.422302
1206,ETV Bharat,2026-09-30 14:54:35.428921
1208,United Robots,2026-09-30 14:54:35.428921
1209,ilhamjafri,2026-09-30 14:54:35.428921
1210,meenakshiray,2026-09-30 14:54:35.428921
1212,Lyon Mag,2026-09-30 14:54:35.454365
1213,Matt Vespa,2026-09-30 14:54:35.454365
1214,Outlook News Desk,2026-09-30 14:54:35.454365
1218,Matt Boone,2026-09-30 14:54:39.042739
1219,İdman və Biz,2026-09-30 14:54:39.042739
1220,Danit Sarah,2026-09-30 14:54:39.047629
1221,Gary M. Kramer,2026-09-30 14:54:39.047629
1222,Micah Mudenda,2026-09-30 14:54:39.047629
1224,Yohann Yzytnicki,2026-09-30 14:54:39.047629
1225,https://www.masrawy.com/writer/116/ميريت-نادي,2026-09-30 14:54:39.047629
1228,Chris Hansen,2026-09-30 14:54:44.124445
1230,Jaideep Deogharia,2026-09-30 14:54:44.124445
1231,Joy Sengupta,2026-09-30 14:54:44.124445
1232,Scott Mendelson,2026-09-30 14:54:44.124445
1234,Rachel @ This Woman Votes,2026-09-30 14:54:44.131616
1235,https://www.facebook.com/cait.stoddard,2026-09-30 14:54:44.131616
1236,أحمد عدلي,2026-09-30 14:54:44.131616
1237,حمدي عابدين,2026-09-30 14:54:44.131616
1238,Mariya Shuaibu Suleiman,2026-09-30 14:54:44.154415
1239,Okumu Modachi,2026-09-30 14:54:44.154415
1240,Ryan Kerubo,2026-09-30 14:54:44.154415
1241,Ryan Kerubo and Maryann Muganda,2026-09-30 14:54:44.154415
1242,https://www.knau.org/people/jane-arraf,2026-09-30 14:54:44.154415
1244,Adele Shevel,2026-09-30 14:54:47.098651
1245,Asish Mehta,2026-09-30 14:54:47.098651
1248,Nicolas Meichel,2026-09-30 14:54:47.098651
1251,FPJ Web Desk,2026-09-30 14:54:47.116922
1255,Carlos Morales,2026-09-30 14:54:49.497627
1256,Dayo Ayeyemi,2026-09-30 14:54:49.497627
1257,GOAL,2026-09-30 14:54:49.497627
1258,TOI Trending Desk,2026-09-30 14:54:49.497627
1259,https://www.ksut.org/people/joel-rose,2026-09-30 14:54:49.497627
1261,Our Bureau,2026-09-30 14:54:49.507691
1264,Simantik Dowerah,2026-09-30 14:54:49.507691
1265,<!-- Author Start -->la rédaction<!-- Author End -->,2026-09-30 14:54:49.515894
1266,ASUS Computer International,2026-09-30 14:54:49.515894
1269,Amit Mudgill,2026-09-30 14:54:52.52112
1271,DocketBreeze LLC,2026-09-30 14:54:52.52112
1272,Will Neal,2026-09-30 14:54:52.52112
1276,Outlook Sports Desk,2026-09-30 14:54:52.542342
1277,Tyrell Feaster,2026-09-30 14:54:52.542342
1278,https://www.digitalcameraworld.com/author/tom-may,2026-09-30 14:54:52.542342
1279,Emile NOUKPO,2026-09-30 14:54:54.909884
1280,"Joe Tuzara, M.D. @TuzaraPost",2026-09-30 14:54:54.909884
1282,Reni,2026-09-30 14:54:54.909884
1284,News,2026-09-30 14:54:54.9218
1285,Prince Adu-Owusu,2026-09-30 14:54:54.9218
1286,Samannay Biswas,2026-09-30 14:54:54.9218
1287,https://www.kunr.org/people/bob-mondello,2026-09-30 14:54:54.9218
1288,Andrew Schneider,2026-09-30 14:54:54.928206
1293,Andre Rizal Hanafi,2026-09-30 14:54:59.552954
1294,ROB GILLIES,2026-09-30 14:54:59.552954
1295,Web Staff,2026-09-30 14:54:59.552954
1296,https://www.delmarvapublicmedia.org/people/claudia-grisales,2026-09-30 14:54:59.552954
1297,https://www.montanasports.com/kyle-hansen,2026-09-30 14:54:59.552954
1298,kysdc Staff,2026-09-30 14:54:59.552954
1300,Nola Amalia Rosyada,2026-09-30 14:54:59.561577
1302,Zulfa Putri Hardiyati,2026-09-30 14:54:59.561577
1303,Colin Smeeton,2026-09-30 14:54:59.567456
1304,Diksha Sundriyal,2026-09-30 14:54:59.567456
1306,https://www.tomsguide.com/author/malcolm-mcmillan,2026-09-30 14:54:59.567456
1308,Michael C. Wright,2026-09-30 14:55:03.200149
1309,Samuel Short,2026-09-30 14:55:03.200149
1310,Trisha Sengupta,2026-09-30 14:55:03.200149
1311,Josephine Christopher,2026-09-30 14:55:03.227048
1312,KPBSnews,2026-09-30 14:55:03.227048
1314,https://www.delawarepublic.org/people/eleanor-beardsley,2026-09-30 14:55:03.227048
1315,https://www.kunc.org/people/steve-inskeep,2026-09-30 14:55:03.227048
1317,Rediff Sports Desk,2026-09-30 14:55:03.235314
1319,https://www.insights.uca.org.au/author/insights2011/,2026-09-30 14:55:03.235314
1323,TOI News Desk,2026-09-30 14:55:21.713148
1326,Ylver Deleon-Rios,2026-09-30 14:55:21.718856
1328,Nancy Prado,2026-09-30 14:55:21.725538
1329,Ogden Raptors,2026-09-30 14:55:21.725538
1330,Sioux City Explorers,2026-09-30 14:55:21.725538
1331,Victor Duru,2026-09-30 14:55:21.725538
1332,Victoria Nwahiri,2026-09-30 14:55:21.725538
1333,Debabrata Mohapatra,2026-09-30 14:55:24.895923
1334,Peter McLaren,2026-09-30 14:55:24.895923
1336,ButFootballClub,2026-09-30 14:55:24.904431
1337,Darren Plant,2026-09-30 14:55:24.904431
1338,Kayleigh Partleton,2026-09-30 14:55:24.904431
1342,Caitlin Flanagan,2026-09-30 14:55:24.911721
1343,Johns Hopkins University,2026-09-30 14:55:24.911721
1346,AP News,2026-09-30 14:55:27.12868
1349,Vince McDonagh,2026-09-30 14:55:27.12868
1350,https://www.boisestatepublicradio.org/people/mara-liasson,2026-09-30 14:55:27.12868
1351,https://www.kgou.org/people/scott-horsley,2026-09-30 14:55:27.12868
1352,Caleb Sisk,2026-09-30 14:55:27.138725
1353,Joe Townsend,2026-09-30 14:55:27.138725
1354,Raman,2026-09-30 14:55:27.138725
1355,Xalima,2026-09-30 14:55:27.138725
1356,Burnham-On-Sea.com,2026-09-30 14:55:27.147168
1358,voici,2026-09-30 14:55:27.147168
1359,Dumisani Jantjies,2026-09-30 14:55:29.690526
1361,Ghaleb  Cachalia,2026-09-30 14:55:29.690526
1363,Shainu Mohan,2026-09-30 14:55:29.690526
1364,liputan6dotcom,2026-09-30 14:55:29.690526
1368,https://www.seoul.co.kr,2026-09-30 14:55:29.698154
1369,Benjamin Goldnadel,2026-09-30 14:55:29.719796
1370,DailyMail,2026-09-30 14:55:29.719796
1371,Maria Petrova,2026-09-30 14:55:29.719796
1372,«عكاظ» (جدة),2026-09-30 14:55:29.719796
1373,Emmet Livingstone,2026-09-30 14:55:32.303771
1374,JNS.org,2026-09-30 14:55:32.303771
1375,John Hodge,2026-09-30 14:55:32.303771
1376,Sarah Donaldson,2026-09-30 14:55:32.303771
1377,Erik Neumann,2026-09-30 14:55:32.311331
1378,Sputnik International,2026-09-30 14:55:32.311331
1379,https://www.nprillinois.org/people/elle-mannion,2026-09-30 14:55:32.311331
1380,KalingaTV Bureau,2026-09-30 14:55:32.316509
1381,LASSO,2026-09-30 14:55:32.316509
1382,NICHOLAS RICCARDI,2026-09-30 14:55:32.316509
1383,Admin Martin,2026-09-30 14:55:34.703414
1385,Mary Pat Thompson and Sweenie Saint-Vil,2026-09-30 14:55:34.703414
1386,Michael Passingham,2026-09-30 14:55:34.703414
1387,The Waynedale News Staff,2026-09-30 14:55:34.703414
1388,hiknight,2026-09-30 14:55:34.703414
1389,Antoine Roche,2026-09-30 14:55:34.713571
1391,Mayank Mohanka,2026-09-30 14:55:34.713571
1392,وكالات,2026-09-30 14:55:34.713571
1393,BandM8,2026-09-30 14:55:34.720626
1394,Hot 100.9 Staff,2026-09-30 14:55:34.720626
1395,The Business Times,2026-09-30 14:55:34.720626
1397,Business News,2026-09-30 14:55:36.968734
1398,KEVIN LEE,2026-09-30 14:55:36.968734
1400,https://www.nhpr.org/people/imaan-moin,2026-09-30 14:55:36.968734
1401,"Amar Kar,Sanjib Chakraborty",2026-09-30 14:55:36.975661
1408,"AA.VV., Giulia Dragone",2026-09-30 14:55:39.862598
1409,"James Tynion, Michael Walsh",2026-09-30 14:55:39.862598
1410,KompasBola,2026-09-30 14:55:39.862598
1411,"Susanna Covelli, Chiara Ravizza",2026-09-30 14:55:39.862598
1412,Abby Badach Doyle,2026-09-30 14:55:39.869805
1413,Gareth Havelock,2026-09-30 14:55:39.876246
1414,Rachel Treisman,2026-09-30 14:55:39.876246
1417,Vaishali Kapila,2026-09-30 14:55:42.893948
1418,Ahsan Awan,2026-09-30 14:55:42.90664
1419,Chanshimla Varah,2026-09-30 14:55:42.90664
1420,Girish Shukla,2026-09-30 14:55:42.90664
1421,Joey Lynch,2026-09-30 14:55:42.90664
1422,KiKiToès,2026-09-30 14:55:42.90664
1423,"Agios Pharmaceuticals, Inc.",2026-09-30 14:55:42.923101
1424,Alaina Getzenberg,2026-09-30 14:55:42.923101
1425,CNN,2026-09-30 14:55:42.923101
1427,Jane D. Gallardo,2026-09-30 14:55:42.923101
